{
  "prepare_queue": {
    "installed": [],
    "uninstalled": []
  },
  "config_munge": {
    "files": {
      "res/xml/config.xml": {
        "parents": {
          "/*": [
            {
              "xml": "<feature name=\"Device\"><param name=\"android-package\" value=\"org.apache.cordova.device.Device\" /></feature>",
              "count": 1
            },
            {
              "xml": "<feature name=\"Notification\"><param name=\"android-package\" value=\"org.apache.cordova.dialogs.Notification\" /></feature>",
              "count": 1
            },
            {
              "xml": "<feature name=\"NetworkStatus\"><param name=\"android-package\" value=\"org.apache.cordova.networkinformation.NetworkManager\" /></feature>",
              "count": 1
            },
            {
              "xml": "<feature name=\"Vibration\"><param name=\"android-package\" value=\"org.apache.cordova.vibration.Vibration\" /></feature>",
              "count": 1
            },
            {
              "xml": "<feature name=\"Whitelist\"><param name=\"android-package\" value=\"org.apache.cordova.whitelist.WhitelistPlugin\" /><param name=\"onload\" value=\"true\" /></feature>",
              "count": 1
            }
          ]
        }
      },
      "AndroidManifest.xml": {
        "parents": {
          "/*": [
            {
              "xml": "<uses-permission android:name=\"android.permission.ACCESS_NETWORK_STATE\" />",
              "count": 1
            }
          ],
          "/manifest": [
            {
              "xml": "<uses-permission android:name=\"android.permission.VIBRATE\" />",
              "count": 1
            }
          ]
        }
      }
    }
  },
  "installed_plugins": {
    "cordova-plugin-device": {
      "PACKAGE_NAME": "com.tt"
    },
    "cordova-plugin-dialogs": {
      "PACKAGE_NAME": "com.tt"
    },
    "cordova-plugin-network-information": {
      "PACKAGE_NAME": "com.tt"
    },
    "cordova-plugin-vibration": {
      "PACKAGE_NAME": "com.tt"
    },
    "cordova-plugin-whitelist": {
      "PACKAGE_NAME": "com.tt"
    },
    "cordova-support-google-services": {
      "PACKAGE_NAME": "com.tt"
    },
    "phonegap-plugin-multidex": {
      "PACKAGE_NAME": "com.tt"
    }
  },
  "dependent_plugins": {},
  "modules": [
    {
      "id": "cordova-plugin-device.device",
      "file": "plugins/cordova-plugin-device/www/device.js",
      "pluginId": "cordova-plugin-device",
      "clobbers": [
        "device"
      ]
    },
    {
      "id": "cordova-plugin-dialogs.notification",
      "file": "plugins/cordova-plugin-dialogs/www/notification.js",
      "pluginId": "cordova-plugin-dialogs",
      "merges": [
        "navigator.notification"
      ]
    },
    {
      "id": "cordova-plugin-dialogs.notification_android",
      "file": "plugins/cordova-plugin-dialogs/www/android/notification.js",
      "pluginId": "cordova-plugin-dialogs",
      "merges": [
        "navigator.notification"
      ]
    },
    {
      "id": "cordova-plugin-network-information.network",
      "file": "plugins/cordova-plugin-network-information/www/network.js",
      "pluginId": "cordova-plugin-network-information",
      "clobbers": [
        "navigator.connection",
        "navigator.network.connection"
      ]
    },
    {
      "id": "cordova-plugin-network-information.Connection",
      "file": "plugins/cordova-plugin-network-information/www/Connection.js",
      "pluginId": "cordova-plugin-network-information",
      "clobbers": [
        "Connection"
      ]
    },
    {
      "id": "cordova-plugin-vibration.notification",
      "file": "plugins/cordova-plugin-vibration/www/vibration.js",
      "pluginId": "cordova-plugin-vibration",
      "merges": [
        "navigator.notification",
        "navigator"
      ]
    }
  ],
  "plugin_metadata": {
    "cordova-plugin-device": "2.0.2",
    "cordova-plugin-dialogs": "2.0.1",
    "cordova-plugin-network-information": "1.3.4",
    "cordova-plugin-vibration": "2.1.6",
    "cordova-plugin-whitelist": "1.3.3",
    "cordova-support-google-services": "1.1.0",
    "phonegap-plugin-multidex": "1.0.0"
  }
}