{
  "project_info": {
    "project_number": "206709481331",
    "firebase_url": "https://pamnotif.firebaseio.com",
    "project_id": "pamnotif",
    "storage_bucket": "pamnotif.appspot.com"
  },
  "client": [
    {
      "client_info": {
        "mobilesdk_app_id": "1:206709481331:android:96cc1f6029744e8a",
        "android_client_info": {
          "package_name": "com.tt"
        }
      },
      "oauth_client": [
        {
          "client_id": "206709481331-vcuc73d1nlp009v9fhco156m30fbjjev.apps.googleusercontent.com",
          "client_type": 3
        }
      ],
      "api_key": [
        {
          "current_key": "AIzaSyBzOgpFryTwrpPCjgeKyxJ0bG08qed0PJc"
        }
      ],
      "services": {
        "analytics_service": {
          "status": 1
        },
        "appinvite_service": {
          "status": 1,
          "other_platform_oauth_client": []
        },
        "ads_service": {
          "status": 2
        }
      }
    }
  ],
  "configuration_version": "1"
}