{
  "prepare_queue": {
    "installed": [],
    "uninstalled": []
  },
  "config_munge": {
    "files": {}
  },
  "installed_plugins": {
    "phonegap-plugin-push": {
      "SENDER_ID": "85075801930",
      "PACKAGE_NAME": "com.tt"
    }
  },
  "dependent_plugins": {},
  "modules": [
    {
      "file": "plugins/phonegap-plugin-push/www/push.js",
      "id": "phonegap-plugin-push.PushNotification",
      "pluginId": "phonegap-plugin-push",
      "clobbers": [
        "PushNotification"
      ]
    },
    {
      "file": "plugins/phonegap-plugin-push/www/browser/push.js",
      "id": "phonegap-plugin-push.BrowserPush",
      "pluginId": "phonegap-plugin-push",
      "clobbers": [
        "PushNotification"
      ]
    }
  ],
  "plugin_metadata": {
    "phonegap-plugin-push": "1.9.4"
  }
}